{
  "Open_Category_Page" : {
    "transaction" : "Open_Category_Page",
    "sampleCount" : 622,
    "errorCount" : 0,
    "errorPct" : 0.0,
    "meanResTime" : 988.0,
    "medianResTime" : 896.0,
    "minResTime" : 652.0,
    "maxResTime" : 2297.0,
    "pct1ResTime" : 1469.3000000000027,
    "pct2ResTime" : 1830.0,
    "pct3ResTime" : 2100.2099999999987,
    "throughput" : 5.326938723076265,
    "receivedKBytesPerSec" : 45.85758186849655,
    "sentKBytesPerSec" : 6.124129528326125
  },
  "Open_Main_Page-1" : {
    "transaction" : "Open_Main_Page-1",
    "sampleCount" : 314,
    "errorCount" : 0,
    "errorPct" : 0.0,
    "meanResTime" : 635.8980891719743,
    "medianResTime" : 507.5,
    "minResTime" : 352.0,
    "maxResTime" : 2167.0,
    "pct1ResTime" : 1395.5,
    "pct2ResTime" : 1564.25,
    "pct3ResTime" : 2109.7000000000035,
    "throughput" : 2.6114654978833824,
    "receivedKBytesPerSec" : 18.86743537870408,
    "sentKBytesPerSec" : 1.6874675775954557
  },
  "Open_Main_Page-0" : {
    "transaction" : "Open_Main_Page-0",
    "sampleCount" : 314,
    "errorCount" : 0,
    "errorPct" : 0.0,
    "meanResTime" : 298.4840764331207,
    "medianResTime" : 272.0,
    "minResTime" : 235.0,
    "maxResTime" : 956.0,
    "pct1ResTime" : 444.0,
    "pct2ResTime" : 460.75,
    "pct3ResTime" : 623.2500000000019,
    "throughput" : 2.6090785964154253,
    "receivedKBytesPerSec" : 3.5680084587325194,
    "sentKBytesPerSec" : 1.0217841704127164
  },
  "Open_Computers_Page-1" : {
    "transaction" : "Open_Computers_Page-1",
    "sampleCount" : 313,
    "errorCount" : 0,
    "errorPct" : 0.0,
    "meanResTime" : 609.1693290734829,
    "medianResTime" : 527.0,
    "minResTime" : 377.0,
    "maxResTime" : 1786.0,
    "pct1ResTime" : 1180.8000000000002,
    "pct2ResTime" : 1245.1000000000001,
    "pct3ResTime" : 1515.6600000000003,
    "throughput" : 2.6560988442151356,
    "receivedKBytesPerSec" : 16.347100354712243,
    "sentKBytesPerSec" : 1.840760894354305
  },
  "Open_Item_Page" : {
    "transaction" : "Open_Item_Page",
    "sampleCount" : 618,
    "errorCount" : 0,
    "errorPct" : 0.0,
    "meanResTime" : 1008.8608414239471,
    "medianResTime" : 922.0,
    "minResTime" : 646.0,
    "maxResTime" : 2038.0,
    "pct1ResTime" : 1329.0,
    "pct2ResTime" : 1813.1,
    "pct3ResTime" : 1979.389999999999,
    "throughput" : 5.321988942663751,
    "receivedKBytesPerSec" : 64.89714548599748,
    "sentKBytesPerSec" : 6.307953596217771
  },
  "Open_Computers_Page-0" : {
    "transaction" : "Open_Computers_Page-0",
    "sampleCount" : 313,
    "errorCount" : 0,
    "errorPct" : 0.0,
    "meanResTime" : 304.4504792332269,
    "medianResTime" : 271.0,
    "minResTime" : 233.0,
    "maxResTime" : 966.0,
    "pct1ResTime" : 450.0,
    "pct2ResTime" : 475.0,
    "pct3ResTime" : 687.0200000000001,
    "throughput" : 2.658354707750845,
    "receivedKBytesPerSec" : 3.64429782118955,
    "sentKBytesPerSec" : 1.1708183331988584
  },
  "Open_Main_Page" : {
    "transaction" : "Open_Main_Page",
    "sampleCount" : 628,
    "errorCount" : 0,
    "errorPct" : 0.0,
    "meanResTime" : 934.7515923566892,
    "medianResTime" : 794.0,
    "minResTime" : 589.0,
    "maxResTime" : 2680.0,
    "pct1ResTime" : 1680.0,
    "pct2ResTime" : 1950.0,
    "pct3ResTime" : 2524.690000000005,
    "throughput" : 5.197728890433861,
    "receivedKBytesPerSec" : 44.66086991607489,
    "sentKBytesPerSec" : 5.3942182249507535
  },
  "Open_Computers_Page" : {
    "transaction" : "Open_Computers_Page",
    "sampleCount" : 626,
    "errorCount" : 0,
    "errorPct" : 0.0,
    "meanResTime" : 913.8722044728434,
    "medianResTime" : 815.0,
    "minResTime" : 644.0,
    "maxResTime" : 2061.0,
    "pct1ResTime" : 1444.9,
    "pct2ResTime" : 1632.0,
    "pct3ResTime" : 1831.7900000000004,
    "throughput" : 5.297721810365255,
    "receivedKBytesPerSec" : 39.867673979596155,
    "sentKBytesPerSec" : 6.004763506651772
  },
  "Open_Category_Page-0" : {
    "transaction" : "Open_Category_Page-0",
    "sampleCount" : 311,
    "errorCount" : 0,
    "errorPct" : 0.0,
    "meanResTime" : 296.80064308681654,
    "medianResTime" : 272.0,
    "minResTime" : 232.0,
    "maxResTime" : 739.0,
    "pct1ResTime" : 434.0,
    "pct2ResTime" : 473.5999999999998,
    "pct3ResTime" : 577.0399999999998,
    "throughput" : 2.6821443355871395,
    "receivedKBytesPerSec" : 3.675113139488754,
    "sentKBytesPerSec" : 1.20307561264575
  },
  "Open_Category_Page-1" : {
    "transaction" : "Open_Category_Page-1",
    "sampleCount" : 311,
    "errorCount" : 0,
    "errorPct" : 0.0,
    "meanResTime" : 690.9421221864949,
    "medianResTime" : 607.0,
    "minResTime" : 373.0,
    "maxResTime" : 2000.0,
    "pct1ResTime" : 1189.8000000000002,
    "pct2ResTime" : 1516.3999999999999,
    "pct3ResTime" : 1704.6799999999998,
    "throughput" : 2.6738427677281793,
    "receivedKBytesPerSec" : 19.354353417424687,
    "sentKBytesPerSec" : 1.8746386335889675
  },
  "Total" : {
    "transaction" : "Total",
    "sampleCount" : 3741,
    "errorCount" : 0,
    "errorPct" : 0.0,
    "meanResTime" : 640.6752205292677,
    "medianResTime" : 573.0,
    "minResTime" : 232.0,
    "maxResTime" : 2680.0,
    "pct1ResTime" : 1018.0,
    "pct2ResTime" : 1485.8999999999996,
    "pct3ResTime" : 1953.58,
    "throughput" : 30.951888470607702,
    "receivedKBytesPerSec" : 190.27415983225086,
    "sentKBytesPerSec" : 23.239674688702273
  },
  "Open_Item_Page-0" : {
    "transaction" : "Open_Item_Page-0",
    "sampleCount" : 309,
    "errorCount" : 0,
    "errorPct" : 0.0,
    "meanResTime" : 298.54368932038835,
    "medianResTime" : 272.0,
    "minResTime" : 233.0,
    "maxResTime" : 1145.0,
    "pct1ResTime" : 426.0,
    "pct2ResTime" : 458.5,
    "pct3ResTime" : 844.9999999999968,
    "throughput" : 2.6729410136415144,
    "receivedKBytesPerSec" : 3.7125476036521547,
    "sentKBytesPerSec" : 1.2466054351963185
  },
  "Open_Item_Page-1" : {
    "transaction" : "Open_Item_Page-1",
    "sampleCount" : 309,
    "errorCount" : 0,
    "errorPct" : 0.0,
    "meanResTime" : 710.0614886731393,
    "medianResTime" : 637.0,
    "minResTime" : 409.0,
    "maxResTime" : 1694.0,
    "pct1ResTime" : 956.0,
    "pct2ResTime" : 1507.5,
    "pct3ResTime" : 1658.6999999999998,
    "throughput" : 2.671161825726141,
    "receivedKBytesPerSec" : 28.862478591264694,
    "sentKBytesPerSec" : 1.9202521233143153
  }
}